year,ISO_code,Country,region,Overall_Score,Overall_Rank,Overall_Quartile,PF_rol,PF_SS_Homicide,PF_SS_Women,PF_SS,PF_Movement,PF_Religion,PF_Association,PF_Expression,PF_Identity,PF_Score,PF_Rank,EF_Govt,EF_Legal,EF_Money,EF_Trade_Tariffs,EF_Trade_Regulatory,EF_Trade_Black,EF_Trade_Movement,EF_trade,EF_Reg_Credit,EF_Reg_Labor,EF_Reg_Business,EF_Reg,EF_Score,EF_Rank
2016,ALB,Albania,Eastern Europe,7.5681402879999995,48.0,2.0,5.291751647,8.920429431,7.5,8.80680981,6.666666667,9.192592592999999,10.0,8.607142857000001,6.25,7.596280576,57.0,7.935563809,5.071813726,9.55365739,8.963555556000001,7.489904631,10.0,6.406137855,8.21489951,7.098562307000001,6.916277916,6.705863193,6.9069011389999995,7.54,34.0
2016,DZA,Algeria,Middle East & North Africa,5.135886055,155.0,4.0,3.8195660260000004,9.456253595,5.833333333,8.043882199,5.0,4.944814815,5.0,7.380952381,0.833333333,5.281772108999999,147.0,3.616782254,4.690742835,7.253893581,6.872533333,2.481294473,5.563909774,1.590361717,4.127024823999999,5.100508618,5.029512576,5.6769559979999995,5.268992397,4.99,159.0
2016,AGO,Angola,Sub-Saharan Africa,5.640662182000001,142.0,4.0,3.451813885,8.060260239,8.333333332999999,8.297864524,5.0,8.786666667,4.0,6.452380952,7.5,6.111324364,117.0,6.496684826,2.9636351160000003,5.606605364,6.989244444,2.024949049,10.0,2.044822683,5.264754044,7.064905164,4.560324821,4.930271338,5.5185004410000005,5.17,155.0
2016,ARG,Argentina,Latin America & the Caribbean,6.469847841,107.0,3.0,5.744791027000001,7.62297422,10.0,9.040383237,10.0,7.795925926000001,7.5,8.738095238,10.0,8.099695682,42.0,5.346056135,3.9040304010000004,5.614335973999999,6.4216,4.811105486000001,0.0,4.69748214,3.982546906,5.419820382999999,5.151405292,5.535830647999999,5.369018774,4.84,160.0
2016,ARM,Armenia,Caucasus & Central Asia,7.241401801,57.0,2.0,5.003205353,8.808749692000001,8.333333332999999,8.830548737,6.666666667,6.222222222,6.5,7.154761905,8.0,6.912803602,84.0,7.003309536000001,5.809214965,9.521939951,8.547555556,7.194410488,10.0,6.8309979720000005,8.143241004,9.10204603,6.234629858,6.797530175,7.378068688,7.57,29.0
2016,AUS,Australia,Oceania,8.582219227000001,4.0,1.0,7.77627878,9.623537569,10.0,9.873961805,10.0,9.075925926,10.0,9.392857142999999,9.25,9.184438453,11.0,6.544178144,7.919018594,9.452540277999999,8.82,7.427103292999999,10.0,3.85978066,7.526720987999999,9.576357984,7.698589133,8.121630652,8.465525923,7.98,10.0
2016,AUT,Austria,Western Europe,8.4134742,16.0,1.0,8.171748815,9.73791214,10.0,9.91263738,10.0,7.925185185,10.0,9.333333332999999,10.0,9.246948401000001,8.0,5.086294924,7.915986905,9.432829777,8.266133332999999,8.254011088,10.0,5.906785912,8.106732583,9.12901455,5.56511786,7.419870157999999,7.371334189,7.58,27.0
2016,AZE,Azerbaijan,Caucasus & Central Asia,6.0832767389999995,130.0,4.0,4.270861177,9.143499301,8.333333332999999,8.667523503,5.0,5.461111111,3.0,4.70846197,6.25,5.676553478,131.0,5.175449013,5.6527322589999995,7.513486983,7.973777778,6.7990523220000005,10.0,4.0932684130000005,7.216524627999999,7.467777943,6.076782453,7.080078226,6.874879541,6.49,106.0
2016,BHS,Bahamas,Latin America & the Caribbean,7.3972689229999995,50.0,2.0,6.400790272999999,0.0,,5.0,10.0,7.938888888999999,,8.895833332999999,10.0,7.454537846,64.0,8.281449394,6.658107267999999,6.890103656,3.2530666669999997,8.105924622,10.0,5.384615385,6.685901668,8.622733198999999,8.361606213,7.523034376,8.169124596,7.34,49.0
2016,BHR,Bahrain,Middle East & North Africa,6.848034997,75.0,2.0,5.900338722000001,9.790481421,5.833333333,8.006967709,6.666666667,7.461481481,5.0,4.130952381,3.333333333,6.136069994,114.0,8.317484907999999,5.265601627,9.404353401,8.5232,6.295594702000001,10.0,4.794819185,7.403403472000001,7.609167116,6.619417747000001,8.018773961,7.415786273999999,7.56,30.0
2016,BGD,Bangladesh,South Asia,5.801300179,138.0,4.0,3.1328924860000003,8.998764807999999,5.833333333,7.587379567,5.0,5.933333332999999,7.0,7.041990115,1.25,5.302600358,146.0,8.545118177,3.234259181,6.983616746,6.5412,3.23863567,10.0,4.377654644,6.039372579,7.884083638,7.223646767999999,4.962579742,6.690103382999999,6.3,120.0
2016,BRD,Barbados,Latin America & the Caribbean,7.0684472320000005,67.0,2.0,6.699287431,5.6371364129999995,,7.818568207,10.0,8.494444443999999,,9.125,5.0,7.706894465,54.0,6.383359154,5.756723061000001,6.404613122000001,7.282577777999999,5.661880367,10.0,5.415144845,7.089900747000001,6.286333332999999,7.139466704,6.148503081,6.5247677060000004,6.43,111.0
2016,BLR,Belarus,Eastern Europe,6.144514082000001,128.0,4.0,5.128924941,8.566134566,10.0,9.188711522,3.333333333,5.153333333,2.5,5.80952381,8.0,6.059028163,120.0,6.761446145,5.525957318,5.332776772,7.704355556,9.728995482,10.0,1.2696051309999998,7.175739042000001,3.8506184660000002,7.188794037999999,8.092322015,6.37724484,6.23,123.0
2016,BEL,Belgium,Western Europe,8.153589293,27.0,1.0,7.751100945,9.220406912,10.0,9.345020809,10.0,8.131481481,10.0,9.75,9.25,8.987178587,19.0,3.875398037,7.066600168,9.377365846,8.266133332999999,8.057298673,10.0,6.481454241000001,8.201221562,9.606065797000001,7.327516196,7.37437972,8.102653904,7.32,52.0
2016,BLZ,Belize,Latin America & the Caribbean,7.145431918,64.0,2.0,4.268872009,0.0,10.0,6.666666667,10.0,9.055,,8.520833332999999,10.0,7.430863836,66.0,7.015975828999999,5.137397422,7.204524495,6.6191111110000005,6.87319263,10.0,4.709434454,7.050434548999999,9.947941842999999,7.018916776,6.684745014,7.883867877999999,6.86,83.0
2016,BEN,Benin,Sub-Saharan Africa,6.738488147000001,90.0,3.0,4.129479992,7.526894607999999,7.066666667000001,8.031187091,6.666666667,9.413333332999999,9.5,8.988095238,10.0,7.496976295,61.0,6.182574541,3.822761377,7.013885064,6.807733333,4.712943856,10.0,2.585506212,6.02654585,8.48792328,5.937581418,6.14228128,6.85592866,5.98,134.0
2016,BTN,Bhutan,South Asia,6.810486407000001,83.0,3.0,5.925574544,9.548283477,7.5,8.849427826,5.0,7.2577777779999995,,7.25,3.75,6.600972815,96.0,7.4616196939999995,6.871067334,6.72091122,6.471777778,7.433688339,10.0,1.4246857990000001,6.332537979,7.765471604,8.664285342000001,6.674657871,7.701471606,7.02,73.0
2016,BOL,Bolivia,Latin America & the Caribbean,6.718385007,92.0,3.0,3.051401851,7.479923512999999,8.333333332999999,8.437752282,10.0,8.428148148,6.5,8.416666667000001,10.0,7.206770015,73.0,6.162804536,3.632945402,9.386300221,7.749177762,3.981029993,10.0,6.21796113,6.987042221,7.630666667000001,3.948479495,3.346665694,4.975270619,6.23,123.0
2016,BIH,Bosnia and Herzegovina,Eastern Europe,7.2307235720000005,59.0,2.0,5.470080395,9.489854712,8.333333332999999,8.941062682,6.666666667,8.515185185,9.5,8.654761905,9.25,7.861447145,47.0,5.358630085,4.134907779,8.315905677,8.551866667,7.16936923,10.0,5.4178714999999995,7.784776849,9.561233572,7.399740811,5.27986296,7.413612447999999,6.6,98.0
2016,BWA,Botswana,Sub-Saharan Africa,7.153167226,64.0,2.0,5.641683932,3.9847116380000003,7.5,7.161570546,8.333333332999999,9.008333333,,7.8125,4.25,6.876334452999999,86.0,6.702037586,5.950516249,9.056783223,5.944,7.514893678,10.0,7.25920774,7.679525354,8.85675282,7.509680417999999,6.942897381,7.769776873,7.43,44.0
2016,BRA,Brazil,Latin America & the Caribbean,6.207988703,123.0,4.0,4.65167253,0.0,8.333333332999999,6.111004095,10.0,7.411851852000001,6.5,8.341230646,7.5,6.6659774060000005,94.0,5.125270067,4.575175835,7.972060321,7.261777778,5.508447048,10.0,5.2309384539999995,7.00029082,4.540030543,4.149861283,3.5900361910000003,4.093309339,5.75,144.0
2016,BRN,Brunei Darussalam,South Asia,5.796849859,138.0,4.0,6.163383437999999,9.802817735,0.0,6.600939245,7.5,0.0,1.0,4.55952381,1.6666666669999999,4.663699718,153.0,5.0,5.35463823,8.797458945,9.2584,3.76135686,10.0,5.199615301000001,7.05484304,9.128576257999999,8.686707881,7.51395396,8.443079366000001,6.93,77.0
2016,BGR,Bulgaria,Eastern Europe,7.782769537999999,41.0,1.0,4.891372196,9.545583195,10.0,9.846657127,10.0,7.1388888889999995,9.5,8.821428571,9.25,8.155539077,41.0,7.0233926360000005,4.8312113519999995,9.439348667,8.266133332999999,7.60403645,10.0,6.619250103,8.122354972,9.610571569,7.0356822039999996,6.191990217000001,7.612747996,7.41,46.0
2016,BFA,Burkina Faso,Sub-Saharan Africa,6.752669835,88.0,3.0,4.860574888,9.85202056,5.8,8.324656807,8.333333332999999,8.018888889,7.5,7.738095238,10.0,7.45533967,63.0,5.405461604,3.68765653,7.121433785,7.367733332999999,4.538208791000001,10.0,4.510638729,6.604145213,9.008980282000001,7.158336143,6.115344272000001,7.427553566,6.05,129.0
2016,BDI,Burundi,Sub-Saharan Africa,5.167067213,154.0,4.0,2.9614698589999997,7.591791201,6.666666667,6.8267080589999996,1.6666666669999999,7.468518519,1.5,3.202380952,5.833333333,4.414134427,156.0,6.115441176,3.4954870689999997,7.585470702,6.897955556,2.403250258,10.0,5.141874781,6.1107701489999995,5.0,7.803309627000001,6.012328137000001,6.271879255,5.92,138.0
2016,KHM,Cambodia,South Asia,7.204224142999999,61.0,2.0,2.5667411469999997,9.262616312,10.0,9.587538771,10.0,8.272592592999999,7.5,7.892857143,8.333333332999999,7.238448286000001,72.0,7.897866967000001,4.2779065019999996,9.308534101000001,7.644711111,4.597889975,10.0,7.05360867,7.324052439,9.5,6.548741864,5.1358454380000005,7.0615291010000005,7.17,64.0
2016,CMR,Cameroon,Sub-Saharan Africa,5.575387155,144.0,4.0,3.02691825,8.330359523,7.466666667,6.806230146,3.333333333,7.8929629629999996,5.5,6.998575821,5.0,5.330774311,142.0,7.11162798,3.19956054,7.222024203999999,5.4957333329999996,2.3630013069999998,10.0,2.360347603,5.054770561000001,7.166555065,7.334711926000001,5.08887533,6.53004744,5.82,141.0
2016,CAN,Canada,North America,8.565863321,5.0,1.0,7.738323946,9.326358182,10.0,9.762339236,10.0,9.003703704,10.0,9.511904762,9.25,9.151726642,12.0,6.0240613089999995,7.875940077,9.579711993,7.0476,7.922217487999999,10.0,6.747176283,7.929248443,9.7121406,8.179867489,7.652363697,8.514790596000001,7.98,10.0
2016,CPV,Cape Verde,Sub-Saharan Africa,7.333291533,53.0,2.0,5.720581415,5.405668368,,7.702834183999999,10.0,8.108333333,,8.9375,10.0,7.986583066000001,44.0,5.120760485,6.024471636,8.125784362000001,6.697777778,5.785791275,10.0,6.3193178439999995,7.200721724,9.306979306,4.893458536,6.568007428,6.92281509,6.68,93.0
2016,CAF,Central Afr. Rep.,Sub-Saharan Africa,5.287816197,152.0,4.0,2.238882699,2.097049616,7.533333333,4.3747579860000005,5.0,8.288888888999999,8.5,8.0,8.333333332999999,5.465632394,138.0,7.0707592539999995,1.856229914,6.533633182000001,4.490222222,2.6373074880000003,10.0,1.488297438,4.653956787,8.195,3.251725385,4.80489017,5.417205185,5.11,156.0
2016,TCD,Chad,Sub-Saharan Africa,5.474770535,147.0,4.0,2.900352865,6.383879883,5.2,6.264732049,8.333333332999999,8.158888889,6.5,7.523809524,1.6666666669999999,5.50954107,136.0,7.729564033,2.663232022,6.726054551,6.3126,2.0257773080000003,10.0,2.14664496,5.1212555669999995,5.96007812,5.363152564,3.536916385,4.9533823560000005,5.44,150.0
2016,CHL,Chile,Latin America & the Caribbean,8.00801767,32.0,1.0,6.5161040539999995,8.614886879,8.333333332999999,8.979762178,10.0,9.265925926,10.0,9.154761905,5.0,8.216035341,39.0,7.880263385,6.42013942,9.331413421,9.470666667,7.029769477,10.0,6.573815995,8.268563035,8.947500322,5.170611125,7.176758575,7.098290007,7.8,15.0
2016,CHN,China,East Asia,5.905410169,135.0,4.0,4.704818051,9.753759715,5.833333333,7.528647392000001,3.333333333,3.666296296,1.5,5.174910149,9.25,5.350820339,141.0,5.039010659,5.650259342999999,8.542426793999999,8.211422222000001,6.220092257999999,10.0,2.403916296,6.708857694,7.133781301,5.5395476079999995,6.400861149,6.3580633529999995,6.46,108.0
2016,COL,Colombia,Latin America & the Caribbean,6.760756637,87.0,3.0,4.422972598,0.0,10.0,5.452498485,8.333333332999999,8.740740741,10.0,8.452380952,10.0,7.021513272999999,79.0,6.859318215,3.8191359460000003,7.973965074,7.820355556,4.319062875,9.53442623,5.569295801,6.810785115,8.882960013,5.837183668,6.413231872000001,7.044458518,6.5,105.0
2016,COD,"Congo, Dem. R.",Sub-Saharan Africa,5.308628393,151.0,4.0,2.603961178,4.581444641,8.333333332999999,6.245351819,1.6666666669999999,8.509444444,,6.703317185,5.0,4.9472567860000005,152.0,7.131719827,2.629004551,7.345706139,7.7507555560000005,2.017236551,10.0,2.270817259,5.509702341000001,6.333333333,5.805843565,5.107181429,5.748786109,5.67,148.0
2016,COG,"Congo, Rep. Of",Sub-Saharan Africa,5.898933847,136.0,4.0,3.5123521739999997,6.2710194360000004,9.166666667000001,7.344832886,6.666666667,9.35,8.5,6.952380952,9.166666667000001,6.777867693999999,90.0,5.833377341,3.244860837,5.6039636779999995,7.989288889,0.0,10.0,1.5436102580000002,4.883224787,6.057331507000001,5.657673442,4.938541785,5.551182245,5.02,157.0
2016,CRI,Costa Rica,Latin America & the Caribbean,7.857714484,37.0,1.0,6.626877443,5.238007358,10.0,8.412669119,10.0,8.085185185,9.5,9.595238095,6.875,8.165428969,40.0,7.609154834,5.891154675,9.779738252000001,7.962311111,6.090374352,10.0,7.961562034,8.003561873999999,6.798087824,6.145050887999999,6.40425362,6.449130777000001,7.55,33.0
2016,CIV,Cote d'Ivoire,Sub-Saharan Africa,6.531271024,100.0,3.0,4.033755933999999,5.347790283,6.3,6.510063053,6.666666667,9.444444444,9.5,8.654761905,10.0,7.062542047999999,75.0,5.823385664,4.564130434,7.17629177,5.7744,2.929833805,10.0,3.216520705,5.480188627,8.693333333,5.93077851,6.203657255,6.942589699,6.0,132.0
2016,HRV,Croatia,Eastern Europe,7.7080878760000004,44.0,2.0,5.700537868,9.582146209,10.0,9.860715403,10.0,8.051481481,9.0,8.607142857000001,10.0,8.456175752,35.0,4.68388754,5.479351478,9.136323654,8.568355556,8.306175881,10.0,5.878025305,8.188139185,9.409517953,6.372155702000001,6.081175527,7.287616394,6.96,75.0
2016,CYP,Cyprus,Eastern Europe,8.112196958,30.0,1.0,6.327701936,9.555652932000001,10.0,9.685217644,10.0,7.159259259,8.5,9.452380952,10.0,8.514393916,34.0,7.31398142,5.937152237,9.489785988,8.266133332999999,7.870572007000001,10.0,6.99551827,8.283055903,9.575116132,6.2121782539999995,6.855926717999999,7.5477403679999995,7.71,18.0
2016,CZE,Czech Rep.,Eastern Europe,8.294880707,21.0,1.0,7.786692219,9.754941159,10.0,9.91705185,10.0,7.764444444,9.5,9.523809523999999,9.25,9.029761414,16.0,5.770091097000001,6.304648234,9.386717032,8.266133332999999,8.416627262,10.0,6.255504475,8.234566268,9.768837707000001,8.119501152,6.378849601000001,8.08906282,7.56,30.0
2016,DNK,Denmark,Western Europe,8.547819985,6.0,1.0,8.687100828,9.607727447,10.0,9.858379682999999,10.0,7.7022222220000005,9.5,9.69047619,10.0,9.325639969,4.0,4.134149451,8.077531163,9.863601232,8.266133332999999,8.207246872999999,10.0,7.372650501,8.461507677,9.769573842,7.316828066,7.875362985,8.320588297999999,7.77,16.0
2016,DOM,Dominican Rep.,Latin America & the Caribbean,7.061287481,69.0,2.0,4.352093305,3.9273180389999998,10.0,7.809106012999999,6.666666667,8.487037037,7.5,8.869047619,7.5,6.942574962,81.0,7.833163855,4.03009461,9.47470033,7.908088889,7.079630917,10.0,6.79376537,7.945371294,8.333333332999999,6.013669306000001,5.506610352999999,6.617870998,7.18,62.0
2016,ECU,Ecuador,Latin America & the Caribbean,6.80527768,83.0,3.0,4.2587708630000005,7.658493327,10.0,9.045778617,10.0,7.803703704,6.5,7.94047619,10.0,7.550555359,59.0,5.666937811,3.809895071,8.254794016,6.318844444,4.179157569,10.0,5.500476223,6.499619559,8.568784800000001,4.940572775,4.629035388999999,6.046130988,6.06,127.0
2016,EGY,Egypt,Middle East & North Africa,4.807276886,156.0,4.0,3.626147505,8.994684823,2.8,5.808027922999999,1.6666666669999999,3.733333333,3.5,6.46009916,0.0,3.894553773,158.0,6.066836516,3.9440153419999997,8.149666078,4.9,3.68132112,9.182630907,4.705836927,5.617447238,4.0,4.85299131,5.603716045,4.818902452,5.72,147.0
2016,SLV,El Salvador,Latin America & the Caribbean,7.033950991,70.0,2.0,4.355099989,0.0,10.0,6.5,10.0,9.088888889,8.0,7.452380952,7.5,6.917901981,83.0,8.429051699,3.576272354,9.808378599,8.227555556,6.567555882000001,10.0,5.918338586,7.678362506,8.394468689,4.44656236,5.8899229879999995,6.243651346,7.15,67.0
2016,EST,Estonia,Eastern Europe,8.436850609,14.0,1.0,7.801085558,8.722745246,10.0,9.574248415,10.0,8.32962963,9.5,9.619047619,9.25,9.013701218,17.0,5.883723858,7.441601876,9.326665307,8.266133332999999,8.489838302,10.0,6.981259352,8.434307747,10.0,6.263752386,8.339997599,8.201249995,7.86,13.0
2016,ETH,Ethiopia,Sub-Saharan Africa,5.397044971000001,150.0,4.0,3.302472672,6.975355042,5.8666666670000005,6.698471607,6.666666667,5.552222222,1.5,5.252983157,6.666666667,5.064089941000001,150.0,6.57126919,4.644365028,5.732983571,5.232266667,3.4598404830000002,10.0,1.5338105080000002,5.056479414,7.073286052,7.286482154,5.575413575,6.645060593999999,5.73,146.0
2016,FJI,Fiji,Oceania,7.291102197000001,55.0,2.0,4.701806119,9.096867711,7.5,8.86562257,8.333333332999999,9.202777778,,7.666666667,10.0,7.792204395,49.0,5.989207072,6.073109864,6.446764945,4.9577777780000005,6.42368605,10.0,5.0,6.595365957,9.40023194,9.293303107,7.82016146,8.837898836,6.79,88.0
2016,FIN,Finland,Western Europe,8.472183957999999,10.0,1.0,8.639248324,9.43289225,10.0,9.810964083,10.0,7.901481481,10.0,9.666666667000001,9.25,9.294367917,5.0,4.151079923999999,8.79818106,9.36055112,8.266133332999999,8.503810324,10.0,6.16176319,8.232926712000001,9.464505523,5.200684982,8.488581708,7.7179240710000006,7.65,22.0
2016,FRA,France,Western Europe,8.008401464,32.0,1.0,6.771264767000001,9.459125262,10.0,9.69446546,10.0,7.253703703999999,10.0,9.25,10.0,8.766802927,25.0,4.2200579430000005,6.922031615,9.480112303,8.266133332999999,7.675565494,10.0,6.770505407000001,8.178051059,9.439526677,5.623802444,7.312512233,7.458613785,7.25,57.0
2016,GAB,Gabon,Sub-Saharan Africa,5.577787611000001,144.0,4.0,4.241028336,6.782865279,8.333333332999999,8.038732871,0.0,8.944444444,4.0,6.178571429,3.333333333,5.315575222,144.0,6.244963135,3.9025313410000004,6.589812995,6.2829999999999995,3.698870375,10.0,2.785869131,5.6919348770000004,8.109333333,7.267349227,4.980851193,6.7858445839999995,5.84,140.0
2016,GMB,"Gambia, The",Sub-Saharan Africa,6.321342351,115.0,3.0,3.9816231789999996,6.348596882000001,4.133333333,6.160643405,6.666666667,7.574444444,,2.895833333,5.0,5.302684702,145.0,7.475759865,5.486655889,9.250386495,6.476933333,5.194549431,10.0,8.237550146,7.477258227999999,7.171384478999999,7.948378035,5.9151487760000006,7.011637097,7.34,49.0
2016,GEO,Georgia,Caucasus & Central Asia,7.798267752999999,40.0,1.0,5.3858162179999995,9.604153184,7.5,8.670315227,8.333333332999999,7.160740741000001,8.5,8.630952381,8.0,7.576535507000001,58.0,7.53387218,6.314021642999999,9.222802318,9.293555556,7.5974648170000005,10.0,7.361525102000001,8.563136369,9.800843961,7.821111577999999,7.839425682000001,8.487127074,8.02,7.0
2016,DEU,Germany,Western Europe,8.462595689,13.0,1.0,8.303209527,9.52952286,10.0,9.815587729,10.0,7.697777778,10.0,9.357142857000001,10.0,9.235191378,9.0,5.480871153,7.438694666,9.479673116,8.266133332999999,8.008148326,10.0,5.919488324,8.048442496,8.333333332999999,7.439249947,8.186735687999999,7.986439656,7.69,20.0
2016,GHA,Ghana,Sub-Saharan Africa,7.236088907999999,57.0,2.0,5.747291576,9.326481275,8.2,9.008827092,10.0,8.081481481,7.5,8.75,7.5,7.872177815,46.0,7.019694662999999,5.356873168,6.972844492,7.289955556000001,4.4132544010000005,10.0,4.274291004,6.49437524,8.396786421,6.63616546,6.420036383999999,7.150996087999999,6.6,98.0
2016,GRC,Greece,Eastern Europe,7.203384075,61.0,2.0,5.789790663,9.699859465,8.333333332999999,8.872414211,10.0,7.324074073999999,10.0,8.738095238,6.75,7.94676815,45.0,4.379450297,5.778509815,8.037389926,8.266133332999999,7.937076353999999,10.0,4.512624813,7.678958625,7.9010204360000005,4.970784094,6.432167467,6.4346573320000005,6.46,108.0
2016,GTM,Guatemala,Latin America & the Caribbean,7.094122991,66.0,2.0,3.98767717,0.0,10.0,6.333333333,10.0,8.47,7.5,7.459933562000001,6.25,6.548245982,99.0,9.52848501,4.382490053,9.557483712,8.600088889,6.301314946000001,10.0,7.874347843,8.19393792,9.626412477999999,3.989727385,6.034087865,6.55007591,7.64,23.0
2016,GIN,Guinea,Sub-Saharan Africa,5.650600803,141.0,4.0,3.1207410980000003,6.470167958999999,5.133333333,7.032707727000001,3.333333333,8.54037037,9.0,5.788023635,1.6666666669999999,5.371201607000001,140.0,6.54621401,3.2279791810000003,7.944894022000001,7.4058,3.134835406,6.584022039,3.1824324369999997,5.07677247,10.0,5.148930432,5.477344873,6.875425102,5.93,137.0
2016,GNB,Guinea-Bissau,Sub-Saharan Africa,6.054860862000001,133.0,4.0,2.799701015,6.180057647000001,5.833333333,7.00446366,10.0,9.852777778,,7.083333333,8.333333332999999,6.859721724,87.0,4.710784314,3.82013508,6.0239884020000005,7.4534,4.327838322,10.0,1.158994874,5.735058298999999,7.542109783,3.462646795,6.880349079,5.961701886,5.25,154.0
2016,GUY,Guyana,Latin America & the Caribbean,6.675897936,96.0,3.0,4.661064747,2.651689568,10.0,7.383896523,10.0,9.161111111,,8.083333332999999,5.0,7.041795873,78.0,5.9245098039999995,4.39414131,8.329573465,6.4684,3.8383389560000003,10.0,5.344559395,6.412824587999999,6.333333333,7.172132189,5.9208686329999995,6.475444717999999,6.31,119.0
2016,HTI,Haiti,Latin America & the Caribbean,6.847221294,75.0,2.0,3.582253733,5.984142612,8.333333332999999,7.75815154,10.0,8.392222222000001,10.0,8.226190476000001,6.875,7.184442588,74.0,8.430694021,2.500470609,7.216129446,7.007999999999999,6.224253328,10.0,6.784086284,7.504084903,8.24,7.9393696789999995,4.479477777,6.886282485,6.51,104.0
2016,HND,Honduras,Latin America & the Caribbean,6.723241298,92.0,3.0,3.1947228410000004,0.0,8.333333332999999,5.9395673360000005,8.333333332999999,8.731481481,8.5,7.964285714,7.5,6.3864825970000005,107.0,8.532352941000001,3.4352698239999997,9.2936517,8.413422222000001,4.830846673,10.0,5.625966008,7.217558726,9.425145502000001,5.129003321,5.919401559,6.824516794,7.06,70.0
2016,HKG,Hong Kong,East Asia,8.776839796,3.0,1.0,7.13781731,9.846703167000001,8.333333332999999,9.3933455,10.0,8.592222222,8.0,8.666666667000001,9.25,8.583679591000001,32.0,8.588454728,7.916473999,9.568964194,9.997777778,8.836084971,10.0,8.46201321,9.32396899,10.0,9.372956161,8.946527267,9.439827809,8.97,1.0
2016,HUN,Hungary,Eastern Europe,7.739472887000001,42.0,2.0,5.439017665,9.171400265,10.0,9.554416221,10.0,7.284444444,9.0,8.821428571,10.0,8.258945772999999,38.0,4.890497079,5.919262708,9.710533115,8.266133332999999,7.596592917000001,10.0,5.952098239,7.953706122000001,9.694130527,6.871811599999999,6.332061749,7.632667959,7.22,59.0
2016,ISL,Iceland,Western Europe,8.151753108,27.0,1.0,7.572814721,9.879820909,10.0,9.959940303,10.0,8.122222222000001,10.0,9.630952381,9.25,9.083506216,13.0,5.451234737,8.3993485,7.055296848999999,7.323155556000001,7.005181229,10.0,4.318506459,7.161710811,8.333333332999999,7.6710922560000006,8.02413422,8.009519936,7.22,59.0
2016,IND,India,South Asia,6.412935667999999,110.0,3.0,4.3204398489999996,8.710520236,6.666666667,7.432355452,6.666666667,5.488888889,7.0,7.921169544,5.5,6.195871335,112.0,7.719442848,5.156629041,8.199784181,6.291644444,3.9428851480000002,10.0,2.0562417809999998,5.572692843,6.549083928,6.366090816,6.576970183999999,6.497381642000001,6.63,96.0
2016,IDN,Indonesia,South Asia,6.77065623,85.0,3.0,4.077098305,9.801972829,7.5,8.930331428999999,6.666666667,3.8540740739999997,7.0,7.523809524,6.25,6.38131246,108.0,7.81093993,4.883138286,9.683353617,7.937333333,4.856197831999999,10.0,5.194911543,6.997110677,8.074054736,4.629365778,6.5848255270000005,6.429415347000001,7.16,65.0
2016,IRN,Iran,Middle East & North Africa,5.281224623,153.0,4.0,4.3757173730000005,9.012384625,5.833333333,7.102284246,0.0,4.271851852,4.0,5.357636552,3.0,4.532449245,154.0,6.875951675,4.577433516,8.431335572,4.066666667,2.620992474,10.0,1.680915709,4.5921437119999995,6.405750653999999,4.841266934,5.763464346,5.670160645,6.03,130.0
2016,IRQ,Iraq,Middle East & North Africa,4.25801381,159.0,4.0,2.464387305,6.0582171460000005,5.833333333,3.96385016,0.0,5.327777778,4.5,5.2619047619999995,0.0,3.11602762,160.0,5.248190078,2.774515098,7.258295298999999,9.733333333,0.45857988200000005,9.612468408,1.15385,5.239557906,7.122455508,6.469939546,5.833444794,6.475279949,5.4,152.0
2016,IRL,Ireland,Western Europe,8.504564702,8.0,1.0,7.614721658,9.679168161,10.0,9.708610774,10.0,9.082962963,7.5,9.5,10.0,8.939129404,21.0,6.312110986,7.720957247,9.255335231,8.266133332999999,7.948170038,10.0,8.182522391000001,8.599206441,9.175694437,7.924837311,8.297208783,8.46591351,8.07,5.0
2016,ISR,Israel,Middle East & North Africa,7.517458071,49.0,2.0,6.790677923,9.454402089,10.0,9.170163569,1.6666666669999999,5.9314814810000005,10.0,7.948909542999999,10.0,7.544916142000001,60.0,6.252382111,6.158069038,9.399942105,8.518266667,6.672071971,10.0,7.657547415,8.211971513,9.581152547,5.416958682000001,7.235172884,7.411094704,7.49,38.0
2016,ITA,Italy,Western Europe,7.9802231589999995,34.0,1.0,6.503838352000001,9.730774735,10.0,9.909671786,10.0,8.049259259,9.5,9.071428571,9.25,8.690446317000001,30.0,5.44787404,5.709202635,9.438703624,8.266133332999999,8.165522032,10.0,6.570847362,8.250625682,9.555465534,6.773604721,6.12877977,7.485950008,7.27,54.0
2016,JAM,Jamaica,Latin America & the Caribbean,7.224208046,60.0,2.0,5.403823101,0.0,10.0,6.5,8.333333332999999,9.305555556,9.5,9.535714286000001,6.25,7.268416093,70.0,7.430473655,5.07420081,8.592263953,5.055111111,6.1940854629999995,10.0,6.190210081,6.859851664,9.555611641,7.959689758,6.36073136,7.958677586,7.18,62.0
2016,JPN,Japan,East Asia,8.101885275,31.0,1.0,7.643490078999999,9.886590676,9.166666667000001,9.678364608999999,10.0,8.092592593,7.5,9.19047619,9.25,8.73377055,29.0,4.535267724,7.586986576,9.524658793,7.669777777999999,7.28825604,10.0,5.025321947,7.495838941000001,8.691893199999999,8.099231889,7.799874222000001,8.19699977,7.47,41.0
2016,JOR,Jordan,Middle East & North Africa,6.849333258,75.0,2.0,5.798807684,9.380948921,5.833333333,7.984281664,6.666666667,6.3337037039999995,5.0,6.595238095,3.333333333,6.238666517,111.0,7.586859201,4.756454971,9.618102308,7.105244443999999,5.965925137,10.0,7.245811744,7.579245331,8.720432225,7.674678501,6.92087389,7.7719948720000005,7.46,42.0
2016,KAZ,Kazakhstan,Caucasus & Central Asia,6.742837772000001,90.0,3.0,4.537932016,8.077708357999999,10.0,9.005172166,5.0,5.508888889,4.0,6.140106103,9.25,6.375675545,109.0,7.513578869,5.44835482,8.551346498,7.7755555560000005,5.304186264,10.0,3.012095885,6.522959426,8.529628801,7.212836376,6.8718499070000005,7.5381050279999995,7.11,69.0
2016,KEN,Kenya,Sub-Saharan Africa,6.822768345,82.0,2.0,3.953814707,8.050625664,6.6,7.142406128999999,6.666666667,7.214814815,7.0,8.333333332999999,7.5,6.44553669,102.0,7.821194755,4.913284598,9.21911917,6.7424,5.435535628999999,10.0,4.564243622,6.685544813,8.089669897,7.721985745,6.28179917,7.364484937,7.2,61.0
2016,KOR,"Korea, South",East Asia,8.148174929,27.0,1.0,7.438182909,9.719554326,9.166666667000001,9.462073664,8.333333332999999,9.353333333,9.5,8.976190476000001,9.25,8.766349858,26.0,6.826429472,6.391153586000001,9.609132499,5.595555556,7.475990014,10.0,7.206282075,7.5694569110000005,9.316575511,4.821980601,7.5910270639999995,7.243194392,7.53,35.0
2016,KWT,Kuwait,Middle East & North Africa,6.190287237000001,124.0,4.0,5.222398432,9.260431751,5.833333333,8.189148142999999,5.0,4.645925926,4.0,7.464285714,1.6666666669999999,5.630574473999999,133.0,6.23731806,4.922444725,8.342265723999999,8.778133333,4.447949492,10.0,4.135558249,6.8404102689999995,10.0,6.5768049920000005,5.715470457,7.430758482999999,6.75,90.0
2016,KGZ,Kyrgyz Republic,Caucasus & Central Asia,6.588506477,99.0,3.0,3.807027642,8.20584616,8.333333332999999,7.998438746000001,5.0,7.130555556,,6.234615306,8.0,6.247012954,110.0,7.079276344,4.259098098,9.35947549,8.133244443999999,6.231933207000001,10.0,4.910687214,7.318966216000001,8.456656231,5.582524883,5.882274949,6.640485354,6.93,77.0
2016,LAO,Laos,South Asia,6.386793085,113.0,3.0,3.953482175,7.1960071779999994,8.333333332999999,8.303656158999999,5.0,6.731111111000001,0.5,5.761904762,10.0,5.863586171000001,127.0,7.840112727999999,5.93720088,7.335898762999999,8.198222222,3.5430673880000003,10.0,5.580300225,6.830397458999999,9.126884045,4.8524896989999995,5.790724909,6.590032884,6.91,81.0
2016,LVA,Latvia,Eastern Europe,8.245534042000001,23.0,1.0,6.681684163,8.65506611,10.0,9.551688703,10.0,8.546296296,10.0,9.380952381,10.0,8.851068084,22.0,6.653293105,6.196792987,9.323349907999999,8.266133332999999,8.053665655,10.0,7.080755958999999,8.350138737,8.428403802,7.557666555,6.997222222,7.661097526,7.64,23.0
2016,LBN,Lebanon,Middle East & North Africa,6.70999709,95.0,3.0,4.339724004,8.402759271,6.666666667,7.599723612000001,6.666666667,7.153703704,9.0,8.297619048,3.333333333,6.4299941789999995,104.0,8.668506808,3.954385717,9.694505034,7.826311111,4.146227865,10.0,5.290418498999999,6.815739369,5.0,7.527764013,4.948146976,5.825303663,6.99,74.0
2016,LSO,Lesotho,Sub-Saharan Africa,6.53422198,100.0,3.0,4.888498063,0.0,7.5,5.666666667,10.0,9.230555556,,7.541666667,5.625,6.68844396,93.0,4.882119871,5.4490826420000005,7.838977455,4.7008,6.790448608999999,10.0,3.8521292839999997,6.335844473,9.666666667000001,6.572391971,5.868246902999999,7.3691018470000005,6.38,114.0
2016,LBR,Liberia,Sub-Saharan Africa,6.481700872,106.0,3.0,3.7860124710000003,8.70861685,6.4,8.202872283,6.666666667,9.207777777999999,,7.208333333,4.166666667,6.403401744,105.0,7.3641133739999995,4.186922888,9.362209474,7.138311111,2.276791334,10.0,5.3370461780000005,6.188037156,4.5,6.237877827999999,6.350346657999999,5.696074829,6.56,100.0
2016,LBY,Libya,Middle East & North Africa,4.310282812,158.0,4.0,2.198017505,8.998449247,5.833333333,5.27726086,5.0,6.938888888999999,2.5,4.845238095,0.833333333,3.8805656230000003,159.0,4.75,3.2063388919999998,5.659898222000001,,4.882104635,7.372262774,2.036957142,4.76377485,6.666666667,6.277288221,2.9594591639999996,5.3011380169999995,4.74,161.0
2016,LTU,Lithuania,Eastern Europe,8.340669463,20.0,1.0,6.79590086,7.901253425,10.0,9.300417807999999,10.0,8.472592593,10.0,9.5,10.0,8.821338926000001,24.0,7.233303802000001,6.499517474,9.340337377,8.266133332999999,7.663389812,10.0,6.837310588999999,8.191708434,9.84572855,6.578804159,7.682395934,8.035642881000001,7.86,13.0
2016,LUX,Luxembourg,Western Europe,8.428700911,15.0,1.0,7.897751196000001,9.712393676,10.0,9.904131225,10.0,9.140740741,10.0,9.678571429,9.25,9.257401822,7.0,4.169356156,8.350836767,9.310500088,8.266133332999999,8.35119209,10.0,6.618798442999999,8.309030967,9.333333332999999,6.326613247999999,7.952823067000001,7.8709232160000004,7.6,25.0
2016,MKD,Macedonia,Eastern Europe,7.271829012,56.0,2.0,4.994404463,9.364619409,7.5,8.621539803,6.666666667,8.334814815,8.0,7.845238095,9.25,7.413658024,67.0,6.278313623,5.070281017,8.131423715,8.241866667,7.690579357000001,10.0,5.892386011,7.956208009,9.591333333,7.242333276,7.77167656,8.201781057,7.13,68.0
2016,MDG,Madagascar,Sub-Saharan Africa,6.512561755,103.0,3.0,3.6132149769999997,6.925294149,8.333333332999999,8.201458953,10.0,7.5407407410000005,5.5,8.273809523999999,7.5,6.835123509,88.0,7.701839237000001,2.7898049830000002,7.895528282000001,6.850711111,4.59423244,10.0,5.373544774,6.704622081,7.390515577,4.502366753,5.61047368,5.834452002999999,6.19,126.0
2016,MWI,Malawi,Sub-Saharan Africa,6.652606805,97.0,3.0,4.922643465,9.306716247999999,7.5,8.768905416,8.333333332999999,8.532777778,,7.8125,7.5,7.445213609,65.0,6.0581526420000005,4.673626155,6.7239363910000005,7.402311111,5.387847192000001,6.639712489,4.877727683,6.076899619,4.666666667,6.8608135379999995,5.751541727999999,5.7596739779999995,5.86,139.0
2016,MYS,Malaysia,South Asia,6.4114899770000005,110.0,3.0,5.42152405,9.155746692000001,6.666666667,8.599348146,5.0,3.93,4.0,6.797619048,4.25,5.902979954,126.0,6.86283807,5.760370476,5.792303901,7.356,6.974869261,10.0,5.817573417,7.537110669,9.640578687,8.011395265,8.216398876,8.622790943,6.92,79.0
2016,MLI,Mali,Sub-Saharan Africa,5.930464736,134.0,4.0,3.9302456510000003,5.638729608999999,4.533333333,5.391779112,8.333333332999999,8.601851852000001,7.5,7.869047619,5.0,6.060929471000001,119.0,4.943583748,3.458599238,7.2042189,7.601066667,4.839299898999999,10.0,5.059597773,6.874991085,8.704533763999999,5.044407843,5.845014389,6.531318665,5.8,143.0
2016,MLT,Malta,Western Europe,8.353998731,19.0,1.0,6.880670013,9.625832523,10.0,9.875277508,10.0,8.44962963,10.0,9.44047619,10.0,8.977997462000001,20.0,5.917352957,6.64958271,9.481213334,8.266133332999999,8.167247574,10.0,7.251705391000001,8.421271575,9.825992001,8.021397098,6.653696022999999,8.167028374,7.73,17.0
2016,MRT,Mauritania,Sub-Saharan Africa,5.473874887999999,147.0,4.0,3.93386056,6.023325695,3.433333333,5.818886343,8.333333332999999,5.661111111,5.5,6.001186054,0.0,4.987749776,151.0,5.329411765,3.72380883,8.099707313,7.3839999999999995,3.752491972,10.0,2.621299343,5.939447829,8.506225475,5.900474611,5.731172524,6.712624203,5.96,136.0
2016,MUS,Mauritius,Sub-Saharan Africa,7.863732816000001,37.0,1.0,6.446820269,9.271222015,8.333333332999999,9.201518449,6.666666667,8.03,9.0,9.357142857000001,5.0,7.717465632000001,52.0,7.510213253,6.7643342539999995,9.587632401,9.410222222,7.247985696000001,10.0,7.0429857170000005,8.425298409,9.300323163,6.355423795,7.586975979,7.747574312,8.01,8.0
2016,MEX,Mexico,Latin America & the Caribbean,6.848010198,75.0,2.0,3.922635286,2.294415961,8.333333332999999,6.041886151,10.0,7.568888889,8.5,6.980011482999999,10.0,6.796020397,89.0,7.915761741,4.127169241,8.106594619,7.964444444,5.785476888,10.0,5.28845032,7.259592913,9.341539877999999,5.5802680879999995,6.407296108,7.109701358,6.9,82.0
2016,MDA,Moldova,Eastern Europe,6.849514762,75.0,2.0,4.451422898,8.722339573,8.333333332999999,8.685224302,8.333333332999999,6.046296296,6.0,7.369047619,10.0,7.059029525,76.0,6.499386736,4.337326557,7.98337132,8.689511111,7.097618411,10.0,4.048331458,7.458865245,9.517987446,5.2179661710000005,5.980310846,6.905421487000001,6.64,95.0
2016,MNG,Mongolia,East Asia,7.699156277,45.0,2.0,5.251542395,7.737631392999999,10.0,8.912543798,10.0,8.584814815,8.5,8.238095238,9.25,7.998312553,43.0,7.999648709,5.554938942000001,9.38778724,8.901333333,3.7954511839999996,10.0,4.424346538,6.780282764,8.438620358,6.650568859,6.685700285,7.258296499999999,7.4,48.0
2016,MNE,Montenegro,Eastern Europe,7.335052066,52.0,2.0,5.103067796,8.217753026,,8.858876513,10.0,8.887777778,,5.229166667,9.0,7.630104133,56.0,6.926470588,4.923546896,8.267822772999999,8.252666667,7.530528278999999,10.0,6.861921562000001,8.161279127,6.666666667,7.428855775,6.7198577639999995,6.938460069,7.04,72.0
2016,MAR,Morocco,Middle East & North Africa,6.178378256,127.0,4.0,4.19917084,9.504644987999999,6.666666667,8.390437217999999,8.333333332999999,4.429259259,5.0,7.297619048,3.333333333,5.986756512,124.0,5.930876255,5.401407689,7.216671132999999,6.783111111,5.973438445,10.0,4.9686301980000005,6.931294938,7.808957238,4.233941755,7.009899932000001,6.350932975,6.37,115.0
2016,MOZ,Mozambique,Sub-Saharan Africa,6.0796033220000005,130.0,4.0,3.551132365,8.63827767,8.333333332999999,8.550985219,8.333333332999999,7.896296296,2.5,7.607142857,10.0,6.659206645,95.0,6.115107763999999,3.96822373,5.964423944,7.9436,5.4738827489999995,10.0,2.151149423,6.392158042999999,6.333333333,3.132589155,5.784656393,5.0835262939999994,5.5,149.0
2016,MMR,Myanmar,South Asia,5.441680433999999,149.0,4.0,2.9763815360000003,9.093876059,7.5,8.103918555,1.6666666669999999,6.346296296,7.0,7.544895499,4.375,5.463360869,139.0,6.297058824,3.545876002,6.480574507,5.397333333,2.932546187,10.0,1.540364186,4.967560927,5.8913333329999995,5.591607048999999,5.939363133,5.807434505,5.42,151.0
2016,NAM,Namibia,Sub-Saharan Africa,6.897457751,74.0,2.0,5.796621702,3.1446764789999997,8.333333332999999,6.9926699370000005,10.0,8.725925926,7.0,8.25,8.0,7.394915502000001,68.0,5.284715285,6.437481728,6.141285904,5.616088888999999,5.581626409,10.0,4.224343273,6.355514642999999,8.816342107,8.188991797,6.26615233,7.7571620779999995,6.4,113.0
2016,NPL,Nepal,South Asia,6.720805695,92.0,3.0,4.3007314160000005,9.134488325,9.166666667000001,9.256317317,8.333333332999999,5.187777778,5.0,6.702380952,10.0,6.91161139,85.0,7.916691709,4.6085346739999995,6.43556234,5.9823111110000005,5.916470901,10.0,4.641384284,6.635041574,9.333333332999999,5.820258009,6.000593808,7.05139505,6.53,102.0
2016,NLD,Netherlands,Western Europe,8.55442118,6.0,1.0,8.524550808999999,9.778654838,10.0,9.922564664,10.0,8.894444444,10.0,9.726190476000001,9.25,9.39884236,1.0,3.933138933,8.160260143,9.503556089,8.266133332999999,8.484350456,10.0,7.877864268,8.657087014,9.116120224,7.445073087999999,8.256771212,8.272654841,7.71,18.0
2016,NZL,New Zealand,Oceania,8.887409579,1.0,1.0,7.868546128999999,9.605842293,10.0,9.868614098,10.0,9.731481481,10.0,9.523809523999999,9.25,9.284819157000001,6.0,6.476854205,8.715280315,9.455371519,9.127555556,8.224098357999999,10.0,7.192229625,8.635970883999999,10.0,8.82776574,8.651580813999999,9.159782185,8.49,3.0
2016,NIC,Nicaragua,Latin America & the Caribbean,6.851247363,75.0,2.0,3.767066422,7.053150145,8.333333332999999,8.295494493,8.333333332999999,7.912592592999999,4.0,7.047619048,6.875,6.432494726,103.0,7.990441176,4.450667177,9.100671988,8.459955556,5.594408549,10.0,7.215392895,7.81743925,9.453487516000001,6.027600577,5.525600267000001,7.002229452999999,7.27,54.0
2016,NER,Niger,Sub-Saharan Africa,5.862260048,137.0,4.0,4.150643838,8.222386047,5.766666667000001,6.914378347,6.666666667,7.804074074,5.5,5.345238095,4.166666667,5.714520097,129.0,6.8443680879999995,3.6594230939999997,7.016807914,6.134238742000001,4.3710213069999995,10.0,1.435558977,5.485204757000001,9.126628476,4.261926378,7.78649342,7.058349425,6.01,131.0
2016,NGA,Nigeria,Sub-Saharan Africa,6.071808602999999,132.0,4.0,4.327010051999999,6.060660057000001,4.833333333,5.1663019189999995,6.666666667,7.327777778,9.0,8.175114352000001,3.333333333,5.823617206000001,128.0,7.086182942000001,3.603779382,7.46087942,7.2412,3.147079945,8.446115288,4.782538647,5.90423347,8.656035122999999,8.94800014,5.090470308,7.56483519,6.32,118.0
2016,NOR,Norway,Western Europe,8.471240566,10.0,1.0,8.556487979,9.794277909,10.0,9.93142597,10.0,7.407407407000001,10.0,9.797619048,10.0,9.342481133,2.0,4.49513252,8.67833928,9.499277343,6.226666667000001,7.788105064,10.0,6.336453971,7.587806425,10.0,5.134820101,8.065446388,7.733422162999999,7.6,25.0
2016,OMN,Oman,Middle East & North Africa,6.134527607000001,129.0,4.0,5.861202813999999,9.737435069,5.833333333,8.356922801,6.666666667,5.033333333,2.5,5.345238095,0.0,5.509055213,137.0,4.533714916,5.938543854,8.789594455,8.027555556,6.823846106,10.0,5.978900072,7.707575433,6.980841542,6.212445033,7.298674058,6.830653545,6.76,89.0
2016,PAK,Pakistan,South Asia,5.662296223999999,140.0,4.0,3.50506934,8.236641894,5.0,6.242516772999999,5.0,4.039259259,9.0,7.087699939,3.75,5.324592448,143.0,7.8364370679999995,3.463300254,6.593266000000001,7.133111111,4.012630231,10.0,2.16162985,5.8268427979999995,8.085288982,4.9137707719999995,5.873803256,6.2909543370000005,6.0,132.0
2016,PAN,Panama,Latin America & the Caribbean,7.647620037,46.0,2.0,4.385538748,6.132163766000001,10.0,8.710721255,10.0,8.361111111,8.5,8.300639622,9.25,7.715240074,53.0,7.363229284,5.241776593,9.696805181,7.8958483170000004,7.6580444960000005,10.0,9.233427313,8.696830031000001,9.111259852,5.054958663,6.541994523,6.9027376789999995,7.58,27.0
2016,PNG,Pap. New Guinea,Oceania,6.752474407999999,88.0,3.0,3.970458096,6.861761499,7.5,7.953920500000001,10.0,8.086666667000001,,8.604166667000001,7.5,7.254948816000001,71.0,6.297012147,4.115072446,6.358245062999999,7.254311111,4.5951009780000005,10.0,6.93327224,7.1956710820000005,8.077682878,7.987881812,5.744827482000001,7.2701307239999995,6.25,122.0
2016,PRY,Paraguay,Latin America & the Caribbean,6.962299094,72.0,2.0,4.108065759,6.282639307999999,8.333333332999999,7.834983075,8.333333332999999,8.174074074,7.5,8.380952381,7.5,6.974598187000001,80.0,8.184618863999999,3.8408878889999998,9.28268472,7.961866667000001,5.5534566629999995,10.0,5.61072603,7.28151234,8.558596422,4.1798693369999995,5.6962618460000005,6.144909202000001,6.95,76.0
2016,PER,Peru,Latin America & the Caribbean,7.575393347,47.0,2.0,4.715843781,6.933614189,8.333333332999999,8.245018486000001,10.0,8.225555556,9.0,8.205155728,9.375,7.720786695,51.0,6.97963564,4.765645671000001,9.704537846000001,9.173955556000001,5.73433796,10.0,7.99604875,8.226085566,9.293634163,6.931629568,6.240786746,7.488683492000001,7.43,44.0
2016,PHL,Philippines,South Asia,6.9187633470000005,73.0,2.0,3.4365849980000003,5.592068705,8.333333332999999,6.842192772000001,8.333333332999999,8.490740741,8.0,8.204248444,6.25,6.497526693999999,100.0,8.498841962,4.27826495,9.422637737999999,7.747866667,5.374414099,10.0,5.38680204,7.1272707010000005,9.332072511,6.794622962,5.982803777999999,7.369833084,7.34,49.0
2016,POL,Poland,Eastern Europe,7.811560227,39.0,1.0,6.382863045,9.731941532,10.0,9.743629357,10.0,6.3459259260000005,9.0,8.619047619,9.25,8.353120455,36.0,5.624382422,5.559009927999999,9.647930249,8.266133332999999,7.951521887,10.0,5.435969801000001,7.913406255,8.829154802,7.141670411000001,6.787932897999999,7.586252704,7.27,54.0
2016,PRT,Portugal,Western Europe,8.276856122,22.0,1.0,7.165608272,9.745626863,10.0,9.915208954,10.0,9.425555556,9.5,9.55952381,9.25,9.043712243,14.0,5.659946793,6.979123572000001,9.350852752,8.266133332999999,8.756808851,10.0,6.483006692999999,8.376487219,8.403558925,5.869857221,7.28051215,7.184642765,7.51,36.0
2016,QAT,Qatar,Middle East & North Africa,6.507776487999999,103.0,3.0,6.54629556,9.848383963,5.833333333,8.560572432,3.333333333,4.690740741,2.5,6.964285714,0.0,5.525552977,134.0,6.537882662,6.235291357,8.679786672999999,8.436311111,7.3079003,10.0,4.850372704,7.648646029,10.0,6.4696612589999996,8.540734555,8.336798605,7.49,38.0
2016,ROU,Romania,Eastern Europe,8.171616249,24.0,1.0,6.328473866,9.500479498999999,10.0,9.833493166,10.0,7.877407407000001,10.0,9.0,9.25,8.653232499,31.0,6.833639275,6.040355698,9.34147173,8.266133332999999,8.010570222,10.0,7.489308742,8.441503074,9.788780308,7.370154365,6.171203096,7.77671259,7.69,20.0
2016,RUS,Russia,Eastern Europe,6.272190833,119.0,3.0,3.995194231,5.673527042000001,10.0,7.531731593,3.333333333,4.596296296,5.0,6.146872462,9.25,5.714381665,130.0,6.712471159,4.962398878,9.103570417,6.937955556,5.718175757999999,10.0,4.698154575,6.838571472000001,7.90710423,5.513907262000001,6.182900234,6.5346372420000005,6.83,87.0
2016,RWA,Rwanda,Sub-Saharan Africa,6.9738695260000005,71.0,2.0,5.282069945,8.992222659,8.333333332999999,8.534642873,6.666666667,6.04037037,2.0,6.261904762,9.166666667000001,6.467739051000001,101.0,5.716995447,7.164967817000001,9.345718853,7.049644444,5.357440907,10.0,5.653023717000001,7.015027267000001,7.739761382,8.519241665,8.230928412,8.163310486,7.48,40.0
2016,SAU,Saudi Arabia,Middle East & North Africa,5.479366035,146.0,4.0,5.914095317,9.401720257000001,5.0,7.442087097999999,0.0,3.214814815,2.0,5.782049842,0.0,4.438732068999999,155.0,5.35,5.186017585,9.020731753,7.5724,3.7821202510000003,10.0,2.247889034,5.900602321,7.281304382,6.91039032,7.226813965,7.139502889,6.52,103.0
2016,SEN,Senegal,Sub-Saharan Africa,6.497093885,105.0,3.0,4.682384661,7.049765915,7.466666667,7.83881086,6.666666667,9.022222222,10.0,8.25,2.5,6.774187769,91.0,6.830535435,4.252700728,7.198889674,7.3744,5.500410174,10.0,3.785341172,6.665037837000001,9.191888494,3.567838362,5.699178326,6.152968394,6.22,125.0
2016,SRB,Serbia,Eastern Europe,7.348971626,51.0,2.0,4.399686544,9.442291144,9.166666667000001,9.369652604,10.0,8.27037037,8.0,8.535714286000001,9.25,7.847943252,48.0,6.40835403,4.945954676,8.1473235,8.315022222,7.379285464,10.0,4.712717053,7.601756185,8.129176179,6.89419799,6.440132031,7.154502067,6.85,84.0
2016,SYC,Seychelles,Sub-Saharan Africa,7.301262167999999,54.0,2.0,5.3846954479999996,4.905248231,,7.452624116,7.5,8.138888889,,7.666666667,10.0,7.372524335,69.0,6.32684697,5.670494453,9.001838115,8.185422222,5.684543883,9.026217228,8.142616851,7.759700046,8.0,7.358245516,6.808913596,7.389053037,7.23,58.0
2016,SLE,Sierra Leone,Sub-Saharan Africa,6.397329576000001,112.0,3.0,3.925095991,9.314635503,5.4,8.068540618,8.333333332999999,8.453333333,,7.25,8.333333332999999,7.044659152,77.0,7.017647059,3.993543765,6.943524415,7.919111111,3.9736980010000003,10.0,2.336268514,6.0572694060000005,3.666666667,5.154918048,5.33672917,4.719437962,5.75,144.0
2016,SGP,Singapore,South Asia,8.159711817,25.0,1.0,7.683405598999999,9.871776826,8.333333332999999,9.401703386,8.333333332999999,6.114814815,3.5,6.133315737999999,8.0,7.479423635,62.0,7.919425782999999,8.22709857,9.761728956,10.0,8.680010952,10.0,8.484695691,9.291176661,10.0,7.669194407000001,9.272599991,8.980598132999999,8.84,2.0
2016,SVK,Slovak Rep.,Eastern Europe,7.918249946,36.0,1.0,6.275760683,9.581016058,10.0,9.360080152,10.0,7.727777777999999,10.0,9.297619048,9.25,8.536499891,33.0,5.589830582,5.587966842999999,9.468751955,8.266133332999999,7.858526322,10.0,7.003463009,8.282030666,9.591354571,6.979694845,6.15633359,7.575794336,7.3,53.0
2016,SVN,Slovenia,Eastern Europe,7.9363957329999995,35.0,1.0,6.450622608,9.807344064,10.0,9.769114688,10.0,9.0,10.0,9.428571429,9.25,8.822791467,23.0,4.776774916,6.217592011,9.518350807000001,8.266133332999999,8.002853008999999,10.0,5.267134361,7.8840301760000004,7.913211713,6.082033233,6.540444744,6.845229897,7.05,71.0
2016,ZAF,South Africa,Sub-Saharan Africa,7.172571807000001,63.0,2.0,5.728137567999999,0.0,9.166666667000001,6.0446062000000005,10.0,9.364814815,10.0,8.904761905,9.25,7.695143614,55.0,6.04383421,5.1858013110000005,8.08193844,7.437333333,4.651350293,10.0,5.021162068,6.777461422999999,9.166821125,6.515086515,5.82292396,7.1682771999999995,6.65,94.0
2016,ESP,Spain,Western Europe,8.159106882,25.0,1.0,7.01186382,9.746606193,9.166666667000001,9.636610285,10.0,7.996666667,9.5,9.214285713999999,9.25,8.758213764,27.0,6.019536903,6.803471355,9.488977918,8.266133332999999,8.073263578999999,10.0,5.861165841,8.050140687999999,9.323395523,6.168681143,6.78775876,7.426611809,7.56,30.0
2016,LKA,Sri Lanka,South Asia,6.265360917000001,119.0,3.0,4.518644917,8.980182836000001,8.333333332999999,8.436581039,6.666666667,6.8762962960000005,5.5,7.226190476,1.75,6.040721832999999,121.0,8.26106118,4.926880553,6.494747822000001,5.9119555560000006,5.852215507,10.0,1.799976561,5.891036906,7.5799237999999995,6.425990078,6.647377215,6.884430365,6.49,106.0
2016,SDN,Sudan,Sub-Saharan Africa,4.803023585,157.0,4.0,3.1634351260000004,7.934183725,3.733333333,5.548563081,5.0,6.49,3.5,5.69047619,0.0,4.246047171,157.0,9.441176471,2.9855199569999997,5.530823657999999,7.072,0.917159763,0.0,3.519402565,2.877140582,6.744687251,4.712646795,6.36943202,5.942255355,5.36,153.0
2016,SUR,Suriname,Latin America & the Caribbean,7.074281523,67.0,2.0,4.930395401,6.661153688,5.0,7.220384563,10.0,9.486111111,,8.520833332999999,10.0,7.788563046,50.0,7.10869573,5.21644612,5.995025905,7.479288888999999,6.6960796,10.0,4.643449254,7.204704436,6.322,7.4713587729999995,5.008237858999999,6.267198877,6.36,116.0
2016,SWZ,Swaziland,Sub-Saharan Africa,6.240164329,122.0,3.0,4.658352163,3.0830540639999997,7.5,6.694351355,6.666666667,7.957222222,,5.958333333,4.875,6.020328657,122.0,5.467376671,4.359061132,7.730453044,4.6805333330000005,7.873188181000001,10.0,5.508322817000001,7.015511083,8.776,7.770852617,6.635456453,7.727436356,6.46,108.0
2016,SWE,Sweden,Western Europe,8.387375149,17.0,1.0,8.539644459,9.568894853,10.0,9.854954616,10.0,8.884814815,10.0,9.726190476000001,8.75,9.334750298,3.0,3.6206029280000003,7.816366288999999,9.34256119,8.266133332999999,8.386810482000001,10.0,6.139970275,8.198228523,9.899788495,6.8662788070000005,7.924396572000001,8.230154625,7.44,43.0
2016,CHE,Switzerland,Western Europe,8.78775905,2.0,1.0,8.249290426,9.785457023,9.166666667000001,9.650707897,10.0,8.188518519,10.0,9.666666667000001,9.25,9.185518099,10.0,7.42556634,8.497326382999999,9.922186836,6.215555556,8.141465227000001,10.0,6.19084827,7.636967263,9.310578552,7.845246288999999,8.269914696,8.475246512,8.39,4.0
2016,SYR,Syria,Middle East & North Africa,3.765826877,162.0,4.0,1.980355364,9.118885472,5.833333333,4.984072935,0.0,4.405555556,,1.758817876,0.0,2.511653754,161.0,6.1966702279999994,3.444509203,5.11957662,5.231555556,4.031754591,8.585209003,1.801775551,4.912573675,5.585418752000001,5.846806402,4.901109371,5.444444842,5.02,157.0
2016,TWN,Taiwan,East Asia,8.465697018,10.0,1.0,6.98399638,9.672993267999999,10.0,9.724331089,10.0,9.357407407,10.0,9.285714286000001,10.0,9.041394037,15.0,7.206125318,6.772497404,9.717084408,7.71142699,7.597050369,10.0,5.610361987999999,7.729709837000001,9.081199469,7.075175998,7.946847774,8.034407747000001,7.89,12.0
2016,TJK,Tajikistan,Caucasus & Central Asia,6.18616229,124.0,4.0,3.2972636730000002,9.355164677000001,8.333333332999999,8.393621945,8.333333332999999,4.3555555560000005,2.0,4.273809524,8.333333332999999,5.652324579,132.0,6.526173139,5.124943241,8.831414728,8.502755556,4.33713292,10.0,2.609283159,6.362292909,8.175652259,5.746970996,6.385046851,6.769223369,6.72,92.0
2016,TZA,Tanzania,Sub-Saharan Africa,6.523209346,102.0,3.0,4.244131053,7.219002977000001,5.333333333,7.349099272999999,8.333333332999999,6.447777778,5.0,7.5,5.0,6.126418693,116.0,7.3147627360000005,5.659837689,8.221423469,7.026,2.8069771169999997,10.0,4.9922584830000005,6.206308900000001,9.421909213,6.512973782,5.692047103999999,7.208976699,6.92,79.0
2016,THA,Thailand,South Asia,6.6247813010000005,98.0,3.0,4.286364947,8.704225102,8.333333332999999,8.66305117,8.333333332999999,7.255925926000001,4.5,7.15782646,4.375,6.399562601,106.0,6.642645685,4.741393669,8.637097548,6.959111111,6.7827710560000005,10.0,4.692085324,7.108491872999999,9.333333332999999,4.717367574,7.249522002000001,7.1000743029999995,6.85,84.0
2016,TLS,Timor-Leste,South Asia,6.368224812999999,114.0,3.0,3.2615709789999996,8.420599253999999,7.5,7.140199751,5.0,8.625555556,,8.395833332999999,6.666666667,6.186449627000001,113.0,6.119289276,3.5415562960000004,8.669136791,9.555555556,4.667024356000001,,6.901727162999999,7.041435692,9.5,6.690521099,6.014212665,7.401577922,6.55,101.0
2016,TGO,Togo,Sub-Saharan Africa,6.274969005,119.0,3.0,4.083063827,6.400032893,8.2,8.033344298,6.666666667,8.877407407,8.0,8.464285713999999,5.0,6.72993801,92.0,6.71990382,3.675637715,7.0279289270000005,7.169955556000001,3.292319818,10.0,1.2143076940000002,5.419145767000001,7.512258847999999,4.1683920510000005,7.15107165,6.27724085,5.82,141.0
2016,TTO,Trinidad and Tobago,Latin America & the Caribbean,6.825223193999999,81.0,2.0,4.731368885,0.0,8.333333332999999,5.944444444,10.0,8.616111111,,8.729166667000001,6.666666667,6.920446387999999,82.0,5.595294029,4.542519459,9.051274803,7.521866667,6.4445057729999995,10.0,7.398088895,7.8411153339999995,6.0,7.581051606,6.265427452000001,6.61549302,6.73,91.0
2016,TUN,Tunisia,Middle East & North Africa,6.433736122000001,109.0,3.0,4.757803695,8.780159366,5.833333333,7.562090498,8.333333332999999,6.457407407000001,8.0,8.017579553,4.166666667,6.577472244,98.0,5.8057292039999995,5.276037704,7.061833002,7.260177777999999,5.939279955,9.243353783,5.204075532,6.911721762000001,7.22383241,5.316133332,6.627981938,6.389315892999999,6.29,121.0
2016,TUR,Turkey,Middle East & North Africa,6.466232654,107.0,3.0,3.9745232460000004,8.274906404,10.0,7.51287008,10.0,4.494074073999999,4.5,3.962095697,9.25,6.092465309,118.0,6.576429967,4.778738645,9.012961525,5.950711111,7.400737868999999,10.0,5.519882047,7.217832757,8.198419074,4.693918207,6.997500639,6.629945973,6.84,86.0
2016,UGA,Uganda,Sub-Saharan Africa,6.769444547000001,85.0,3.0,3.363040892,5.392618579,7.466666667,7.002780033,8.333333332999999,8.398148147999999,7.0,7.892857143,3.75,6.128889094,115.0,8.2875,4.730399908,8.647257101000001,6.793511111,4.616962124,10.0,8.404392636,7.453716468,9.170259398999999,8.612699588,6.075612467999999,7.952857152000001,7.41,46.0
2016,UKR,Ukraine,Eastern Europe,6.283135204,118.0,3.0,4.546373559,7.464542925,9.166666667000001,7.382567982,8.333333332999999,5.857777777999999,5.5,7.099239115,9.25,6.586270408,97.0,7.085854562000001,4.519291988,4.8809773210000005,8.829333333,4.188406105,10.0,3.215464317,6.5583009389999996,9.116298128,5.089809367,6.385128781000001,6.863745425,5.98,134.0
2016,ARE,United Arab Emirates,Middle East & North Africa,6.286675088,117.0,3.0,6.365951177,9.642475558,5.833333333,7.9919362970000005,3.333333333,4.695925926,0.5,6.30952381,0.0,5.073350176,149.0,6.722602587000001,6.057111609,9.103967524,8.684,7.992714452,10.0,6.248273586,8.231247009,6.700399902000001,6.9632960960000005,8.490801375,7.384832457999999,7.5,37.0
2016,GBR,United Kingdom,Western Europe,8.497917936,8.0,1.0,7.716556989,9.519035732999999,10.0,9.832564275,10.0,7.585555556,10.0,9.25,9.25,8.995835872,18.0,5.6643864729999995,7.849331942999999,9.843565027999999,8.266133332999999,8.163398011,10.0,7.326789979,8.439080331,8.165769728999999,8.397936015,8.113997122,8.225900955,8.0,9.0
2016,USA,United States,North America,8.388655108,17.0,1.0,6.9499116579999995,7.8586699620000005,10.0,9.101098169,10.0,8.854074074,10.0,9.241503522,9.25,8.747310216,28.0,6.426333682,7.396209007,9.84787425,8.389111111,8.368280907,10.0,3.8559213989999996,7.653328354,9.333835021,9.137463946,8.011500176,8.827599714,8.03,6.0
2016,URY,Uruguay,Latin America & the Caribbean,7.728070903,43.0,2.0,6.6416404060000005,6.9222918170000005,8.333333332999999,8.408217822000001,10.0,8.47962963,7.5,9.357142857000001,10.0,8.296141806,37.0,6.839554695,5.362794124,8.971845842,7.7328,5.713218032,10.0,7.7267747060000005,7.7931981839999995,7.365061989,6.214696336,6.866119188,6.815292503999999,7.16,65.0
2016,VEN,Venezuela,Latin America & the Caribbean,4.2007244560000006,161.0,4.0,2.060257402,0.0,10.0,6.294475638,8.333333332999999,6.884814815,6.5,5.109508378,7.5,5.5214489129999995,135.0,4.68978402,2.00291539,1.942101065,7.467155556,1.964154243,0.0,3.6939359819999997,3.281311445,3.333333333,2.107445804,2.009841296,2.483540144,2.88,162.0
2016,VNM,Vietnam,South Asia,6.1940038,124.0,4.0,4.91207109,9.392642685,7.5,8.630880895,3.333333333,5.895925926,1.5,5.843436781,9.25,5.968007599999999,125.0,7.607352941,5.060821486,6.46894336,7.556266667,5.308907652,10.0,2.239655443,6.27620744,8.953395404,5.2543152289999995,5.896364731,6.701358455,6.42,112.0
2016,YEM,"Yemen, Rep.",Middle East & North Africa,4.25327767,160.0,4.0,2.623957377,7.336599062,4.566666667,3.986708427,0.0,,,3.083333333,0.0,2.16655534,162.0,7.633775461,3.133065018,9.044078042999999,8.43,4.811525072,10.0,3.493863466,6.683847134,5.0,6.522810147,4.159381268,5.227397138,6.34,117.0
2016,ZMB,Zambia,Sub-Saharan Africa,6.308849427999999,116.0,3.0,4.115583727,7.880822606000001,7.466666667,8.282496424,5.0,7.332777778,,6.7659861029999995,4.166666667,6.007698856,123.0,6.064705882,5.333995633,8.262900907999999,5.330266667,3.8507206380000003,10.0,8.707998777,6.97224652,7.516936532999999,5.545247938999999,6.17471881,6.412301094,6.61,97.0
2016,ZWE,Zimbabwe,Sub-Saharan Africa,5.6153627870000005,143.0,4.0,3.5075989539999997,7.332576702000001,7.5,7.610858901,5.0,6.427777777999999,2.5,6.65,3.333333333,5.170725575,148.0,6.146323529,3.750569595,8.298249477999999,4.810311111,3.3164979339999996,10.0,4.118611595,5.56135516,9.104015018,6.123364141000001,4.415956014,6.5477783910000005,6.06,127.0
